address,amount
0x1234567890abcdef1234567890abcdef12345678,100
0xabcdef1234567890abcdef1234567890abcdef12,200
0x7890abcdef1234567890abcdef1234567890abcd,150
0xabcdefabcdefabcdefabcdefabcdefabcdefabcd,250
0x123456abcdefabcdefabcdefabcdefabcdefabcd,300
0x78901234567890abcdef1234567890abcdef12,120
0xabcdef7890abcdef1234567890abcdef1234abcd,180
0x123456789012345678901234567890abcdefabcd,140
0xabcdef12345678901234567890abcdefabcdef12,220
0x7890abcdef7890abcdef7890abcdef7890abcdef,160
0x1234abcdef1234abcdef1234abcdef1234abcdef,110
0xabcdef1234abcdef1234abcdef1234abcdef1234,130
0x78901234abcdef78901234abcdef78901234abcd,170
0xabcdef78901234abcdef78901234abcdef7890ab,210
0x123456789012345678901234567890abcdef5678,190
